<?xml version="1.0" encoding="UTF-8"?>
<project-private xmlns="http://www.netbeans.org/ns/project-private/1">
    <editor-bookmarks xmlns="http://www.netbeans.org/ns/editor-bookmarks/2" lastBookmarkId="0"/>
    <open-files xmlns="http://www.netbeans.org/ns/projectui-open-files/2">
        <group>
            <file>file:/C:/Users/Teachers%20PC/Desktop/Differentiation2/src/cse0210/differentiation/FDD.java</file>
            <file>file:/C:/Users/Teachers%20PC/Desktop/Differentiation2/src/cse0210/differentiation/DifferentiationCubic.java</file>
            <file>file:/C:/Users/Teachers%20PC/Desktop/Differentiation2/src/cse0210/differentiation/CubicFunction.java</file>
            <file>file:/C:/Users/Teachers%20PC/Desktop/Differentiation2/src/cse0210/differentiation/BDD.java</file>
            <file>file:/C:/Users/Teachers%20PC/Desktop/Differentiation2/src/cse0210/differentiation/DifferentiationQuadratic.java</file>
            <file>file:/C:/Users/Teachers%20PC/Desktop/Differentiation2/src/cse0210/differentiation/QuadraticFunction.java</file>
            <file>file:/C:/Users/Teachers%20PC/Desktop/Differentiation2/src/cse0210/differentiation/PolynomialFunction.java</file>
            <file>file:/C:/Users/Teachers%20PC/Desktop/Differentiation2/src/cse0210/differentiation/CDD.java</file>
            <file>file:/C:/Users/Teachers%20PC/Desktop/Differentiation2/src/cse0210/differentiation/Test.java</file>
        </group>
    </open-files>
</project-private>
